"codice";"descrizione"
"A";"GNUDI"
"A1A";"GNUDI\RICOTTA\TALEGGIO"
"A1B";"GNUDI\RICOTTA\RICOTTA\SPINACI"
"A1C";"GNUDI\RICOTTA\SPINACI"
"B";"GNOCCHI"
"B1A";"GNOCCHI\PATATE\PATATE"
"B1B";"GNOCCHI\PATATE\TARTUFO"
"C";"PASTA LUNGA"
"C1A1";"PASTA LUNGA\SEMOLA\GRANI SENESI\PICI"
"C1B1";"PASTA LUNGA\SEMOLA\GRANO\PICI"
"C2A1";"PASTA LUNGA\UOVO\GRANI SENESI\FETTUCCINE"
"C2A2";"PASTA LUNGA\UOVO\GRANI SENESI\TAGLIATELLE"
"C2B1";"PASTA LUNGA\UOVO\GRANO\FETTUCCINE"
"C2B2";"PASTA LUNGA\UOVO\GRANO\PAPPARDELLE"
"C2B3";"PASTA LUNGA\UOVO\GRANO\TAGLIATELLE"
"C2B4";"PASTA LUNGA\UOVO\GRANO\TAGLIOLINI"
"C2B5";"PASTA LUNGA\UOVO\GRANO\TAGLIATELLE FINFERLI"
"C2C1";"PASTA LUNGA\UOVO\PROTEICA\TAGLIAT.LEGUME1"
"C2C2";"PASTA LUNGA\UOVO\PROTEICA\TAGLIAT.LEGUME2"
"C2C3";"PASTA LUNGA\UOVO\PROTEICA\TAGLIAT.LEGUME3"
"COM";""
"COS";""
"D";"PASTA RIPIENA"
"D1A1";"PASTA RIPIENA\CAPPELLETTI\CARNE\FASSONA"
"D1A2";"PASTA RIPIENA\CAPPELLETTI\CARNE\CAPPONE"
"D2A1";"PASTA RIPIENA\MEZZELUNE\RICOTTA\ASPARAGI"
"D3A1";"PASTA RIPIENA\RAVIOLI\PATATE"
"D3B1";"PASTA RIPIENA\RAVIOLI\RICOTTA\PROSC.PARMA"
"D3B2";"PASTA RIPIENA\RAVIOLI\RICOTTA\SPINACI"
"D3B3";"PASTA RIPIENA\RAVIOLI\RICOTTA\TARTUFO"
"D3B4";"P.R\RAVIOLI\RICOTTA\PROSCIUTTO-PECORINO"
"D3B5";"RAVIOLI\RICOTTA\BRASATO\BAROLO-FASSONA"
"D4A1";"PASTA RIPIENA\RAVIOLONI\PATATE\PATATE"
"D4B1";"PASTA RIPIENA\RAVIOLONI\RICOTTA\POMOD.BASIL."
"D4B2";"PASTA RIPIENA\RAVIOLONI\RICOTTA\CAPRINO"
"D4B3";"PASTA RIPIENA\RAVIOLONI\RICOTTA\FINFERLI-TARTUFO"
"D4B4";"PASTA RIPIENA\RAVIOLONI\RICOTTA\PERE-TALEGGIO"
"D4B5";"PASTA RIPIENA\RAVIOLONI\RICOTTA\ARANCIO"
"D4B6";"PASTA RIPIENA\RAVIOLONI\RICOTTA\GROSSETO"
"D4B7";"PASTA RIPIENA\RAVIOLONI\RICOTTA\PORCINI"
"D4B8";"P.R.\RAVIOLONI\RICOTTA\PROSCIUTTO-TARTUFO"
"D4B9";"PASTA RIPIENA\RAVIOLONI\RICOTTA\SCAMPI-ZUCCA"
"D5A1";"PASTA RIPIENA\RAVIOLOTTI\RICOTTA\ASIAGO-PERE"
"D5A2";"P.R.\RAVIOLOTTI\RICOTTA\ASPARAGI"
"D5A3";"PASTA RIPIENA\RAVIOLOTTI\RICOTTA\ASPARAGI-SPECK"
"D5A4";"RVT\RICOTTA\GORGONZ\SPECK-BRIE"
"GNOC";""
"K1";"COMMERCIALIZZATI\SUGHI"
"K2";"COMMERCIALIZZATI\ALTRO"
"K3";"COMMERCIALIZZATI\PASTA"
"PAS";""
"RIP";""
