"cap";"codice";"codice_destinazione";"conto";"destinazione";"destinazione_1";"destinazione_2";"localita";"pr";"via";"mastro"
"";"0";"14/1/0";"1";"";"";"";"";"";"";"14"
"";"0";"14/11/0";"11";"";"";"";"";"";"";"14"
"";"0";"14/124/0";"124";"C/CENTRO ALIMENTARE POLIVALENT MERCAFIR";"C/CENTRO ALIMENTARE POLIVALENT";"MERCAFIR";"";"";"";"14"
"";"1";"14/10/1";"10";"PENNY MARKET SRL ALTOPASCIO DEPOSITO DI ALTOPASCIO";"PENNY MARKET SRL ALTOPASCIO";"DEPOSITO DI ALTOPASCIO";"ALTOPASCIO";"LU";"VIA DEL PALAZZACCIO 57";"14"
"";"1";"14/102/1";"102";"BENETTI PECORARO SL CALLE DEL MERCURIO 14";"BENETTI PECORARO SL";"CALLE DEL MERCURIO 14";"TUPAC/JESUS";"";"28918 LEGANES -SPAIN";"14"
"";"1";"14/12/1";"12";"COME A LATO";"COME A LATO";"";"";"";"";"14"
"";"1";"14/125/1";"125";"COME A LATO";"COME A LATO";"";"";"";"";"14"
"";"1";"14/130/1";"130";"COME A LATO";"COME A LATO";"";"";"";"";"14"
"";"1";"14/134/1";"134";"COME A LATO";"COME A LATO";"";"";"";"";"14"
"";"1";"14/136/1";"136";"COME A LATO";"COME A LATO";"";"";"";"";"14"
"";"1";"14/138/1";"138";"COME A LATO";"COME A LATO";"";"";"";"";"14"
"";"1";"14/144/1";"144";"PASSIONE E PURA GROTE GRACHT 43";"PASSIONE E PURA";"GROTE GRACHT 43";"NETHERLANDS";"";"6211 ST MAASTRICHT";"14"
"";"1";"14/16/1";"16";"LA GRANDE EPICERIE DE PARIS SEGEP";"LA GRANDE EPICERIE DE PARIS";"SEGEP";"RADIUS 925-PLS";"";"38 Rue de SŠvres 75007 PARIS";"14"
"";"1";"14/18/1";"18";"COME A LATO";"COME A LATO";"";"";"";"";"14"
"";"1";"14/19/1";"19";"CEDI FRESCHI POLLA";"CEDI FRESCHI POLLA";"";"POLLA";"SA";"LOC. ZONA INDUSTRIALE";"14"
"";"1";"14/2/1";"2";"COME A LATO";"COME A LATO";"";"";"";"";"14"
"";"1";"14/21/1";"21";"COME A LATO";"COME A LATO";"";"";"";"";"14"
"";"1";"14/22/1";"22";"DEPOSITO ROMA FRESH FOOD SAFO";"DEPOSITO ROMA FRESH FOOD SAFO";"";"LOC. SANTA PALOMBA ROMA";"";"VIA DEI VERBASCHI NR.28";"14"
"";"1";"14/3/1";"3";"COME A LATO";"COME A LATO";"";"";"";"";"14"
"";"1";"14/30/1";"30";"COME A LATO";"COME A LATO";"";"";"";"";"14"
"";"1";"14/31/1";"31";"COME A LATO";"COME A LATO";"";"";"";"";"14"
"";"1";"14/32/1";"32";"COME A LATO";"COME A LATO";"";"";"";"";"14"
"";"1";"14/33/1";"33";"RUE OSSEGHEN 158 A-B 1080 MOLENBEEK";"RUE OSSEGHEN 158 A-B";"1080 MOLENBEEK";"BELGIO";"";"SAINT JEAN";"14"
"";"1";"14/34/1";"34";"COME A LATO";"COME A LATO";"";"";"";"";"14"
"";"1";"14/35/1";"35";"VIA COMUNALE 39 SAN PIETRO A PATIERNO";"VIA COMUNALE 39";"SAN PIETRO A PATIERNO";"";"";"80144 NAPOLI";"14"
"";"1";"14/36/1";"36";"COME A LATO";"COME A LATO";"";"";"";"";"14"
"";"1";"14/37/1";"37";"COME A LATO";"COME A LATO";"";"";"";"";"14"
"";"1";"14/38/1";"38";"VIA LEPRATA 110 CALENZANO (FI)";"VIA LEPRATA 110";"CALENZANO (FI)";"";"";"PRESSO MORGANTI SRL";"14"
"";"1";"14/39/1";"39";"COME A LATO TEL.091/7829704";"COME A LATO";"TEL.091/7829704";"";"";"347/4724103";"14"
"";"1";"14/40/1";"40";"PIAZZA FRANCESCO DURANTE 90127 PALERMO";"PIAZZA FRANCESCO DURANTE";"90127 PALERMO";"";"";"TEL.091/6173522    389/0074495";"14"
"";"1";"14/41/1";"41";"COME A LATO";"COME A LATO";"";"";"";"";"14"
"";"1";"14/43/1";"43";"DEPOSITO DI SINALUNGA";"DEPOSITO DI SINALUNGA";"";"";"";"";"14"
"";"1";"14/44/1";"44";"COME A LATO";"COME A LATO";"";"";"";"";"14"
"";"1";"14/45/1";"45";"COME A LATO RIF.TELEFONICO";"COME A LATO";"RIF.TELEFONICO";"";"";"0984/465396";"14"
"";"1";"14/46/1";"46";"COME A LATO RIF.TELEFONICO";"COME A LATO";"RIF.TELEFONICO";"";"";"388/3011060";"14"
"";"1";"14/48/1";"48";"COME A LATO";"COME A LATO";"";"";"";"";"14"
"";"1";"14/49/1";"49";"COME A LATO";"COME A LATO";"";"";"";"";"14"
"";"1";"14/50/1";"50";"COME A LATO";"COME A LATO";"";"";"";"";"14"
"";"1";"14/53/1";"53";"COME A LATO";"COME A LATO";"";"";"";"";"14"
"";"1";"14/54/1";"54";"COME A LATO";"COME A LATO";"";"";"";"";"14"
"";"1";"14/55/1";"55";"COME A LATO";"COME A LATO";"";"";"";"";"14"
"";"1";"14/56/1";"56";"COME A LATO";"COME A LATO";"";"";"";"";"14"
"";"1";"14/57/1";"57";"COME A LATO";"COME A LATO";"";"";"";"";"14"
"";"1";"14/59/1";"59";"COME A LATO";"COME A LATO";"";"";"";"";"14"
"";"1";"14/60/1";"60";"COME A LATO";"COME A LATO";"";"";"";"";"14"
"";"1";"14/61/1";"61";"PIAZZA DEL POPOLO 17";"PIAZZA DEL POPOLO 17";"";"";"";"CESENA";"14"
"";"1";"14/62/1";"62";"RIALTO SRL PIATTAFORMA FRESCHI";"RIALTO SRL PIATTAFORMA FRESCHI";"";"CARPIANO";"MI";"VIA ALDO MORO";"14"
"";"1";"14/63/1";"63";"COME A LATO";"COME A LATO";"";"";"";"";"14"
"";"1";"14/64/1";"64";"PASTINELLA INDUSTRIESTRASE 40";"PASTINELLA";"INDUSTRIESTRASE 40";"SWITZERLAND";"CH";"CH-5036 OBERENTENTFELDEN";"14"
"";"1";"14/66/1";"66";"COME A LATO TEL.335/5343521";"COME A LATO";"TEL.335/5343521";"";"";"";"14"
"";"1";"14/69/1";"69";"BORGGADE 10 8000 ARHUS C DANIMARCA";"BORGGADE 10";"8000 ARHUS C DANIMARCA";"";"";"TEL.0045-21745635";"14"
"";"1";"14/72/1";"72";"COME A LATO";"COME A LATO";"";"";"";"";"14"
"";"1";"14/74/1";"74";"FERMO DEPOSITO STEF PRATO";"FERMO DEPOSITO STEF PRATO";"";"";"";"";"14"
"";"1";"14/77/1";"77";"COME A LATO";"COME A LATO";"";"";"";"";"14"
"";"1";"14/78/1";"78";"COME A LATO";"COME A LATO";"";"";"";"";"14"
"";"1";"14/87/1";"87";"METRO ITALIA OSMANNORO FILIALE SESTO F.NO";"METRO ITALIA OSMANNORO";"FILIALE SESTO F.NO";"FIRENZE";"";"VIA DEL CANTONE -OSMANNORO";"14"
"";"1";"14/9/1";"9";"ITALDIRECT SARL 26,28 RUE ROGER TOUTON";"ITALDIRECT SARL";"26,28 RUE ROGER TOUTON";"FRANCE";"";"33300 BORDEAUX";"14"
"";"1";"14/94/1";"94";"COME A LATO";"COME A LATO";"";"";"";"";"14"
"";"1";"14/96/1";"96";"COME A LATO";"COME A LATO";"";"";"";"";"14"
"";"1";"D2/0/1";"0";"DEPOSITO DI";"DEPOSITO DI";"";"POTENZA";"";"VIA DON UVA 15";"D2"
"";"2";"14/10/2";"10";"PENNY MARKET SRL MARCIANO DEPOSITO DI MARCIANO";"PENNY MARKET SRL MARCIANO";"DEPOSITO DI MARCIANO";"MARCIANO";"AR";"VIA CASSIA LOC. CESA";"14"
"";"2";"14/102/2";"102";"DELICATEZZE D ITALIA BV WESER 5";"DELICATEZZE D ITALIA BV";"WESER 5";"LUIGI CONTI";"";"2491 DG DEN HAAG - NETHERLANDS";"14"
"";"2";"14/11/2";"11";"AUCHAN SPA DEPOSITO PF ROMA";"AUCHAN SPA DEPOSITO PF ROMA";"";"SANTA PALOMBA";"RM";"VIA DEI RANUNCOLI 9";"14"
"";"2";"14/157/2";"157";"CONSEGNA IN FRANCIA: JET FREEZE CHEVILLY LARUE";"CONSEGNA IN FRANCIA:";"JET FREEZE CHEVILLY LARUE";"94550 CHEVILLY LARUE";"FR";"30 AVENUE DE LA VILLETTE";"14"
"";"2";"14/23/2";"23";"COME A LATO";"COME A LATO";"";"";"";"";"14"
"";"2";"14/43/2";"43";"DEPOSITO DI PRATO";"DEPOSITO DI PRATO";"";"";"";"";"14"
"";"2";"14/62/2";"62";"PV DI SOMMA LOMBARDO";"PV DI SOMMA LOMBARDO";"";"";"";"";"14"
"";"2";"14/68/2";"68";"COME A LATO";"COME A LATO";"";"";"";"";"14"
"";"2";"14/69/2";"69";"FILSO AVLSGAARD V/ HENNE Kaergardvej 12, 6854 Henne";"FILSO AVLSGAARD V/ HENNE";"Kaergardvej 12, 6854 Henne";"0045-29292622";"DK";"Kontact: JIMI MOBIL";"14"
"";"2";"14/94/2";"94";"MERCATO CENTRALE FIRENZE";"MERCATO CENTRALE";"FIRENZE";"";"";"";"14"
"";"3";"14/102/3";"102";"INDIVIDUAL RESTAURANTS 4 CHAPMAN AVENUE";"INDIVIDUAL RESTAURANTS";"4 CHAPMAN AVENUE";"DARIO BARBATO";"";"SK14 2AR HYDE-UNITED KINGDOM";"14"
"";"3";"14/11/3";"11";"AUCHAN SPA DEP.SAFO SICILIA AUCHAN SPA";"AUCHAN SPA DEP.SAFO SICILIA";"AUCHAN SPA";"CONTRADA ROTOLO CATANIA";"CT";"ZONA IND.LE P.D'ARCI";"14"
"";"3";"14/62/3";"62";"PV DI CASTANO PRIMO";"PV DI CASTANO PRIMO";"";"";"";"";"14"
"";"4";"14/102/4";"102";"AG GROPU -ALTA GAMMA VIA ILDEBRANDO GOITA 10";"AG GROPU -ALTA GAMMA";"VIA ILDEBRANDO GOITA 10";"MAURIZIO MALATESTA";"";"00195 ROMA -ITALIA";"14"
"";"4";"14/22/4";"22";"SMA SUPERMERCATI PV MANTOVA";"SMA SUPERMERCATI PV MANTOVA";"";"MANTOVA";"";"VIA VERONA NR. 62";"14"
"";"4";"14/62/4";"62";"PV DI CINISELLO";"PV DI CINISELLO";"";"";"";"";"14"
"";"5";"14/62/5";"62";"PV DI VILLASANTA";"PV DI VILLASANTA";"";"";"";"";"14"
"";"7";"14/102/7";"102";"C.RISIAMO CAFE";"C.RISIAMO CAFE";"";"EMPOLI";"";"VIA CURTATONE MONTANARA 28";"14"
"";"9";"14/102/9";"102";"SEDE EMPOLI";"SEDE EMPOLI";"";"MONTEBORO-EMPOLI";"";"VIA PIANEZZOLI 87";"14"
"";"23";"14/4/23";"4";"196022 COOP C.ITALIA SUBBIAN NEGOZIO DI SUBBIANO";"196022 COOP C.ITALIA SUBBIAN";"NEGOZIO DI SUBBIANO";"SUBBIANO";"AR";"VIA MARTIRI DELLA LIBERTA'";"14"
"";"31";"14/4/31";"4";"MAGAZZINO SALUME E LATTICINI";"MAGAZZINO SALUME E LATTICINI";"";"TERNI";"TR";"STRADA DELLE CAMPORE 17/19";"14"
"00040";"3";"14/71/3";"71";"10000AW - GS SPA (S.PALOMBA) DIV.SUP.TI E NEG.VICINATO";"10000AW - GS SPA (S.PALOMBA)";"DIV.SUP.TI E NEG.VICINATO";"SANTA PALOMBA-ROMA";"";"VIA DELLE COSMEE 230";"14"
"00040";"3";"14/92/3";"92";"10000AW - GS SPA (S.PALOMBA) DIV.SUPER.E NEGOZI VICINATO";"10000AW - GS SPA (S.PALOMBA)";"DIV.SUPER.E NEGOZI VICINATO";"ROMA";"RM";"VIA DELLE COSMEE 230";"14"
"01016";"2";"14/109/2";"109";"CONAD NORD OVEST SOC.COOP DEP.TARQUINIA LOC.PIAN D'ORGAN";"CONAD NORD OVEST SOC.COOP";"DEP.TARQUINIA LOC.PIAN D'ORGAN";"TARQUINIA";"VT";"PIAN DEI CIPRESSI";"14"
"01016";"3";"14/15/3";"15";"CONAD DEL TIRRENO TARQUINIA LOC.PIAN D'ORGANO";"CONAD DEL TIRRENO TARQUINIA";"LOC.PIAN D'ORGANO";"TARQUINIA";"VT";"PIAN DEI CIPRESSI";"14"
"03012";"10";"14/97/10";"97";"LIDL ITALIA DEP.ANAGNI";"LIDL ITALIA DEP.ANAGNI";"";"ANAGNI";"FR";"VIA CANGIANO 2";"14"
"04011";"7";"14/111/7";"111";"EUROSPIN LAZIO SPA DEP.APRILIA";"EUROSPIN LAZIO SPA";"DEP.APRILIA";"APRILIA";"LT";"VIA F.BARACCA 2/4/6";"14"
"04011";"7";"14/113/7";"113";"EUROSPIN LAZIO SPA DEP.APRILIA";"EUROSPIN LAZIO SPA";"DEP.APRILIA";"APRILIA";"LT";"VIA F.BARACCA 2/4/6";"14"
"04100";"1";"14/148/1";"148";"WHITE RICEVIMENTI SRL";"WHITE RICEVIMENTI SRL";"";"LATINA";"LT";"S.S.148 PONTINA KM 79,30 SNC";"14"
"06061";"1";"14/4/1";"4";"COOP CENTRO ITALIA MAGAZZINO";"COOP CENTRO ITALIA MAGAZZINO";"";"CASTIGLION DEL LAGO";"PG";"VIA C.COLOMBO N. 29";"14"
"06061";"16";"14/4/16";"4";"COOP CENTRO ITALIA CAST.D.LAGO NEGOZIO DI CASTIGLION DEL LAGO";"COOP CENTRO ITALIA CAST.D.LAGO";"NEGOZIO DI CASTIGLION DEL LAGO";"CASTIGLION DEL LAGO";"PG";"VIA E.DE NICOLA 1";"14"
"06063";"1";"14/116/1";"116";"EUROSPIN TIRRENICA SPA DEPOSITO DI AMGIONE";"EUROSPIN TIRRENICA SPA";"DEPOSITO DI AMGIONE";"MAGIONE";"PG";"LOC.BACCANELLA";"14"
"06080";"15";"14/4/15";"4";"COOP CENTRO ITALIA COLLESTRADA IPERCOOP COLLESTRADA";"COOP CENTRO ITALIA COLLESTRADA";"IPERCOOP COLLESTRADA";"COLLESTRADA";"PG";"VIA D.VALTIERA 181";"14"
"06087";"1";"14/26/1";"26";"GMF SPA CENTRO FRESCHI";"GMF SPA";"CENTRO FRESCHI";"PONTE SA GIOVANNI (PG)";"";"VIA DELL'AVENA";"14"
"07026";"1";"14/111/1";"111";"SPESA INTELLIGENTE SPA DEP.OLBIA";"SPESA INTELLIGENTE SPA";"DEP.OLBIA";"OLBIA";"OT";"Z.IND.SETTE(7) VIA GABON 7";"14"
"07026";"1";"14/112/1";"112";"SPESA INTELLIGENTE SPA DEP.OLBIA";"SPESA INTELLIGENTE SPA";"DEP.OLBIA";"OLBIA";"OT";"Z.IND.SETTE(7) VIA GABON 7";"14"
"09023";"2";"14/15/2";"15";"CONAD DEL TIRRENO MONASTIR";"CONAD DEL TIRRENO MONASTIR";"";"MONASTIR-CAGLIARI";"";"V.GEMILIANO SS.131 L.SU FRAIGU";"14"
"10022";"11";"14/97/11";"97";"LIDL ITALIA DEP.CARMAGNOLA";"LIDL ITALIA DEP.CARMAGNOLA";"";"CARMAGNOLA";"TO";"VIA PARFRUCCHETTO 72";"14"
"10040";"2";"14/71/2";"71";"10000AM - GS SPA (RIVALTA) DIV.SUP.TI E NEG.VICINATO";"10000AM - GS SPA (RIVALTA)";"DIV.SUP.TI E NEG.VICINATO";"FRAZ.PASTA DI RIVALTA";"TO";"VIA MARCO BIAGI 3";"14"
"10040";"2";"14/92/2";"92";"10000AM - GS SPA (RIVALTA) DIV.SUPERMER. E NEG.VICINATO";"10000AM - GS SPA (RIVALTA)";"DIV.SUPERMER. E NEG.VICINATO";"FRAZ.PASTA DI RIVALTA";"TO";"VIA MARCO BIAGI 3";"14"
"10040";"6";"14/92/6";"92";"10000AX - GS SPA (RIVALTA) DIV.SUPERM. E NEG.VICINATO";"10000AX - GS SPA (RIVALTA)";"DIV.SUPERM. E NEG.VICINATO";"FRAZ.PASTA RIVALTA";"TO";"VIA MARCO BIAGI 3";"14"
"10088";"5";"14/97/5";"97";"LIDL ITALIA DEP.TORINO";"LIDL ITALIA DEP.TORINO";"";"VOLPIANO";"TO";"VIA VENEZIA";"14"
"10098";"12";"14/11/12";"11";"AUCHAN SPA RIVOLI IPERMERCATO DI RIVOLI";"AUCHAN SPA RIVOLI";"IPERMERCATO DI RIVOLI";"RIVOLI";"TO";"C.SO SUSA 305/307";"14"
"10100";"17";"14/11/17";"11";"AUCHAN SPA TORINO IPERMERCATO DI TORINO";"AUCHAN SPA TORINO";"IPERMERCATO DI TORINO";"TORINO";"TO";"CORSO ROMANIA 460";"14"
"1070";"1";"14/79/1";"79";"IN ITALIA: A FRESH WAYS BURAGO DI MOLGORA";"IN ITALIA: A FRESH WAYS";"BURAGO DI MOLGORA";"BRUXELLES";"";"IN BELGIO: RUE WALCOURT 114";"14"
"12100";"8";"14/11/8";"11";"AUCHAN SPA CUNEO IP. DI CUNEO VIA MARGHERITA 8";"AUCHAN SPA CUNEO";"IP. DI CUNEO VIA MARGHERITA 8";"CUNEO";"CU";"LOC. TETTO GARETTO";"14"
"13031";"6";"14/10/6";"10";"PENNY MARKET SRL ARBORIO MAGAZZINO DI ARBORIO";"PENNY MARKET SRL ARBORIO";"MAGAZZINO DI ARBORIO";"ARBORIO (VERCELLI)";"VC";"STRADA PROVINCIALE 594";"14"
"13031";"6";"14/91/6";"91";"PENNY MARKET SRL ARBORIO";"PENNY MARKET SRL ARBORIO";"";"ARBORIO";"VC";"PROVINCIALE 594";"14"
"13100";"4";"14/151/4";"151";"MAXI DI SRL VERCELLI DEPOSITO FRESCHI";"MAXI DI SRL VERCELLI";"DEPOSITO FRESCHI";"VERCELLI";"";"VIALE CESARE LIBANO 0";"14"
"15028";"4";"14/91/4";"91";"PENNY MARKET SRL QUATTORDIO";"PENNY MARKET SRL QUATTORDIO";"";"QUATTORDIO";"AL";"LOC.COSTA ROSSA";"14"
"15028";"5";"14/10/5";"10";"PENNY MARKET SRL QUATTORDIO MAGAZZINO DI QUATTORDIO";"PENNY MARKET SRL QUATTORDIO";"MAGAZZINO DI QUATTORDIO";"QUATTORDIO (ALESSANDRIA)";"AL";"LOC. COSTA ROSSA";"14"
"15047";"1";"14/151/1";"151";"MAXI DI SRL ALESSANDRIA DEPOSITO FRESCHI";"MAXI DI SRL ALESSANDRIA";"DEPOSITO FRESCHI";"ALESSANDRIA";"";"VIA RANA LOC.SPINATTA MARENGO";"14"
"15057";"1";"14/86/1";"86";"COOP CONSORZIO NORDOVEST S.ARL";"COOP CONSORZIO NORDOVEST S.ARL";"";"RIVALTA SCRIVIA";"AL";"STRADA SAVONESANA";"14"
"1600";"1";"14/129/1";"129";"IN ITALIA CONSEGNA A NAGEL VR IN BELGIO-STIVAL NV";"IN ITALIA CONSEGNA A NAGEL VR";"IN BELGIO-STIVAL NV";"SINT PIETERS LEEUW";"BE";"1,VAN PAEPEGHEMSTRAAT";"14"
"16121";"1";"14/75/1";"75";"GRUOP SPA C/O MOODY";"GRUOP SPA";"C/O MOODY";"GENOVA";"";"VIA XII OTTOBRE 45/47";"14"
"18039";"1";"14/58/1";"58";"DESTINAZIONE: CORSO NIZZA 112";"DESTINAZIONE:";"CORSO NIZZA 112";"LATTE DI VENTIMIGLIA";"IM";"";"14"
"19020";"2";"14/75/2";"75";"OSTERIA DELLA 100 ITALIE 5 TERRE SRL OUTLET VILLAGE C/O";"OSTERIA DELLA 100 ITALIE";"5 TERRE SRL OUTLET VILLAGE C/O";"BRUGNATO";"SP";"VIA NUOVA ANTICA ROMANA SNC";"14"
"19031";"10";"14/128/10";"128";"0003645 - SP-AMEGLIA PISANELLO 335/1691153";"0003645 - SP-AMEGLIA PISANELLO";"335/1691153";"AMEGLIA";"SP";"VIA PISANELLO 27";"14"
"19031";"10";"14/52/10";"52";"0003645 - SP-AMEGLIA PISANELLO 335/1691153";"0003645 - SP-AMEGLIA PISANELLO";"335/1691153";"AMEGLIA";"SP";"VIA PISANELLO 27";"14"
"19136";"5";"14/87/5";"87";"METRO ITALIA LA SPEZIA FILIALE DI LA SPEZIA";"METRO ITALIA LA SPEZIA";"FILIALE DI LA SPEZIA";"LA SPEZIA";"";"VIA VALDILOCCHI";"14"
"20014";"13";"14/11/13";"11";"AUCHAN SPA NERVIANO IPERMERCATO DI NERVIANO";"AUCHAN SPA NERVIANO";"IPERMERCATO DI NERVIANO";"NERVIANO";"MI";"VIAS.S.SEMPIONE 33";"14"
"20027";"19";"14/11/19";"11";"AUSCHAN SPA RESCALDINA IPERMERCATO DI RESCALDINA";"AUSCHAN SPA RESCALDINA";"IPERMERCATO DI RESCALDINA";"RESCALDINA";"MI";"VIA TOGLIATTI NR 2";"14"
"20039";"1";"14/13/1";"13";"LAGOGEL SPA CEDI SALUMI E LATTICINI";"LAGOGEL SPA";"CEDI SALUMI E LATTICINI";"VAREDO";"MI";"VIA VALSUGANA 2/4";"14"
"20040";"1";"14/8/1";"8";"SHIP TO: FRESH WAYS SRL";"SHIP TO:";"FRESH WAYS SRL";"BURAGO DI MOLGORA";"MI";"VIA ENRICO FERMI";"14"
"20060";"1";"14/121/1";"121";"IPER MONTEBELLO C/o ORTOFIN SRL";"IPER MONTEBELLO";"C/o ORTOFIN SRL";"LISCATE";"MI";"VIA DEL LAGO 18/20";"14"
"20060";"2";"14/156/2";"156";"MERCE DA CONSEGNARE IL ITALIA STEF INTERNATIONAL";"MERCE DA CONSEGNARE IL ITALIA";"STEF INTERNATIONAL";"COLTURANO";"MI";"VIA F. DE ANDRE'1";"14"
"20061";"5";"14/67/5";"67";"2000014 - CARREFOUR CARUGATE REPARTO GASTRONOMIA";"2000014 - CARREFOUR CARUGATE";"REPARTO GASTRONOMIA";"CARUGATE";"MI";"STR.PROVINCIALE 208 KM.2";"14"
"20063";"7";"14/10/7";"10";"PENNY MARKET SRL CERNUSCO SEDE CERNUSCO SUL NAVIGLIO";"PENNY MARKET SRL CERNUSCO";"SEDE CERNUSCO SUL NAVIGLIO";"CERNUSCO SUL NAVIGLIO";"MI";"VIA TORINO 25";"14"
"20068";"1";"14/107/1";"107";"CONSEGNA IN ITALIA A: INTERFRIGO  TRANSPORT";"CONSEGNA IN ITALIA A:";"INTERFRIGO  TRANSPORT";"PESCHIERA BORROMEO";"MI";"VIA F.LLI BANDIERA 23";"14"
"20080";"1";"14/14/1";"14";"GARTICO SOC.CONS.";"GARTICO SOC.CONS.";"";"CARPIANO";"MI";"VIA ALDO MORO 4";"14"
"20090";"1";"14/118/1";"118";"FERRAIUOLO FOODS SRLS VIA MARIE CURIE 2";"FERRAIUOLO FOODS SRLS";"VIA MARIE CURIE 2";"ASSAGO";"MI";"ORARIO SCARICO 06-13 14-18,30";"14"
"20090";"1";"14/6/1";"6";"ESSELUNGA SPA DEPOSITO LIMITO DI PIOLTELLO";"ESSELUNGA SPA";"DEPOSITO LIMITO DI PIOLTELLO";"LIMITO DI PIOLTELLO";"MI";"VIA GIAMBOLOGNA NR. 1";"14"
"20090";"11";"14/11/11";"11";"AUCHAN SPA VIMODRONE IPERMERCATO DI VIMODRONE";"AUCHAN SPA VIMODRONE";"IPERMERCATO DI VIMODRONE";"VIMODRONE";"MI";"VIA PADANA SUPERIORE";"14"
"20090";"13";"14/102/13";"102";"OTIM c/o MAGAZZINI BETATRANS";"OTIM c/o MAGAZZINI BETATRANS";"";"SEGRATE -TEL.02 84234222";"MI";"VIA LONDRA 20";"14"
"20090";"18";"14/11/18";"11";"AUCHAN SPA CESANO BOSCONE IPERMERCATO DI CESANO BOSCONE";"AUCHAN SPA CESANO BOSCONE";"IPERMERCATO DI CESANO BOSCONE";"CESANO BOSCONE";"MI";"VIA DON STRUZZO 1";"14"
"20094";"5";"14/127/5";"127";"2000017 - CARREFOUR ASSAGO";"2000017 - CARREFOUR ASSAGO";"";"ASSAGO";"MI";"VIALE MILANOFIORI";"14"
"20094";"5";"14/20/5";"20";"2000017 - CARREFOUR ASSAGO";"2000017 - CARREFOUR ASSAGO";"";"ASSAGO";"MI";"VIALE MILANOFIORI";"14"
"20159";"1";"14/110/1";"110";"RISTORANTE AL TRONCO SAS DI ALFREDO ZINI & C.";"RISTORANTE AL TRONCO SAS DI";"ALFREDO ZINI & C.";"MILANO";"MI";"VIA THAN DI REVEL 10";"14"
"20875";"1";"14/82/1";"82";"FRESH WAYS SRL";"FRESH WAYS SRL";"";"BURAGO DI MOLGORA";"MB";"VIA ENRICO FERMI 14";"14"
"2101";"1";"14/24/1";"24";"AIR TO NEW SPECIAL DELIVERIES 0331/777134";"AIR TO NEW SPECIAL DELIVERIES";"0331/777134";"GALLARATE (VARESE)";"";"VIA F.LLI BRONZETTI 10";"14"
"22100";"5";"14/71/5";"71";"0000502 - GS SPA MARKET SUPERSTORE COMO 3";"0000502 - GS SPA MARKET";"SUPERSTORE COMO 3";"COMO";"CO";"VIA COLOMBO ANG.VIA VARESINA 4";"14"
"24035";"16";"14/11/16";"11";"AUCHAN SPA CURNO IPERMERCATO DI CURNO";"AUCHAN SPA CURNO";"IPERMERCATO DI CURNO";"CURNO";"BG";"VIA E.FERMI ANG.VIA CARLINGA";"14"
"24047";"1";"14/161/1";"161";"ZIZZI LOGISTICS SRL";"ZIZZI LOGISTICS SRL";"";"TREVIGLIO";"BG";"VIALE CESARE BATTISTI 29";"14"
"24050";"1";"14/11/1";"11";"AUCHAN SPA DEPOSITO NORD";"AUCHAN SPA DEPOSITO NORD";"";"CALCINATE";"MI";"STRADA PROV.LE PER TRESCORE 11";"14"
"24127";"9";"14/11/9";"11";"AUCHAN SPA BERGAMO VIA CARDUCCI 55";"AUCHAN SPA BERGAMO";"VIA CARDUCCI 55";"BERGAMO";"BS";"IPERMERCATO DI BERGAMO";"14"
"25015";"3";"14/10/3";"10";"PENNY MARKET SRL DESENZA DEL G MAGAZ. DI DESENZANO DEL GARDA";"PENNY MARKET SRL DESENZA DEL G";"MAGAZ. DI DESENZANO DEL GARDA";"DESENZANO DEL GARDA";"BS";"VIA OGLIO";"14"
"25015";"5";"14/91/5";"91";"PENNY MARKET SRL DESENZANO";"PENNY MARKET SRL DESENZANO";"";"DESENZANO";"BS";"VIA OGLIO";"14"
"25030";"14";"14/11/14";"11";"AUCHAN SPA RONCADELLE IPERMERCATO DI RONCADELLE";"AUCHAN SPA RONCADELLE";"IPERMERCATO DI RONCADELLE";"RONCADELLE";"BS";"VIA E.MATTEI 37/39";"14"
"25032";"1";"14/81/1";"81";"ESSELUNGA SPA DEPOSITO DI CHIARI";"ESSELUNGA SPA";"DEPOSITO DI CHIARI";"CHIARI";"BS";"VIA SAM QUILLERI 1";"14"
"25032";"2";"14/22/2";"22";"DEPOSITO DI CHIARI SAFO";"DEPOSITO DI CHIARI SAFO";"";"CHIARI";"BS";"VIA SAN SQUILLERI NR. 1";"14"
"25062";"15";"14/11/15";"11";"AUCHAN SPA CONCESIO IPERMERCATO DI CONCESIO";"AUCHAN SPA CONCESIO";"IPERMERCATO DI CONCESIO";"CONCESIO";"BS";"VIA EUROPA 8";"14"
"25080";"10";"14/11/10";"11";"AUCHAN SPA MAZZANO IPERMERCATO DI MAZZANO";"AUCHAN SPA MAZZANO";"IPERMERCATO DI MAZZANO";"MAZZANO";"BS";"VIA DE GASPERI 6";"14"
"26815";"1";"14/71/1";"71";"10000AT - GS SPA (LODI) DIV.SUP.E NEGOZI VICINATO";"10000AT - GS SPA (LODI)";"DIV.SUP.E NEGOZI VICINATO";"MASSALENGO -LODI";"";"STR.PROV.LODI 23-MOTTA VIGANA";"14"
"26815";"1";"14/92/1";"92";"10000AT - GS SPA (MASSALENGO) DIV.SUPER.E NEGOZI VICINATO";"10000AT - GS SPA (MASSALENGO)";"DIV.SUPER.E NEGOZI VICINATO";"MOTTA VIGANA";"LO";"STRADA PROVINCIALE LODI 23";"14"
"26815";"5";"14/92/5";"92";"10000AU - GS SPA (MASSALENGO) DIV.SUPER.E NEGOZI VICINATO";"10000AU - GS SPA (MASSALENGO)";"DIV.SUPER.E NEGOZI VICINATO";"MOTTA VIGANA";"LO";"STRADA PROVINCIALE 23";"14"
"26867";"8";"14/97/8";"97";"LIDL ITALIA DEP.SOMAGLIA";"LIDL ITALIA DEP.SOMAGLIA";"";"SOMAGLIA";"LO";"STRADA PROVINCIALE 234,11";"14"
"27015";"2";"14/131/2";"131";"ALDI SRL DIREZIONE REGIONALE LANDRIANO";"ALDI SRL DIREZIONE REGIONALE";"LANDRIANO";"LANDRIANO";"PV";"VIA STANISLAO INTINI 7";"14"
"28015";"1";"14/152/1";"152";"ARTIC SERVICE SRL";"ARTIC SERVICE SRL";"";"AGNELLENGO  MOMO";"NO";"VIA REGINA MARGHERITA 18";"14"
"28018";"1";"14/139/1";"139";"ARTIC SERVICE SRL";"ARTIC SERVICE SRL";"";"AGNELLENGO DI MOMO";"NO";"VIA REGINA MARGHERITA 18";"14"
"28061";"1";"14/7/1";"7";"ESSELUNGA SPA ESSELUNGA SPA DEP.DI BIANDRATE";"ESSELUNGA SPA";"ESSELUNGA SPA DEP.DI BIANDRATE";"BIANDRATE";"NO";"STR.PROV.LE BIANDRATE RECETTO";"14"
"28064";"6";"14/97/6";"97";"LIDL ITALIA DEP.NOVARA";"LIDL ITALIA DEP.NOVARA";"";"BIANDRATE";"NO";"VIA GUIDO IL GRANDE 6";"14"
"28068";"3";"14/111/3";"111";"SPESE INTELLINGENTE SPA";"SPESE INTELLINGENTE SPA";"";"ROMENTINO";"NO";"TANGENZIALE NORD 4";"14"
"28068";"3";"14/112/3";"112";"SPESE INTELLINGENTE SPA";"SPESE INTELLINGENTE SPA";"";"ROMENTINO";"NO";"TANGENZIALE NORD 4";"14"
"28100";"4";"14/10/4";"10";"PENNY MARKET SRL AGOGNATE MAGAZZINO DI AGOGNATE";"PENNY MARKET SRL AGOGNATE";"MAGAZZINO DI AGOGNATE";"AGOGNATE";"NO";"VIA CASE SPARSE 7";"14"
"30137";"1";"14/25/1";"25";"IN ITALIA CONSEGNARE A: INTERTERRA INTR.TRANSP.SNC";"IN ITALIA CONSEGNARE A:";"INTERTERRA INTR.TRANSP.SNC";"ING.POR.4 ORTOMER.MILANO";"MI";"PR.MAG.TRADVANCE VIA VARSAVIA";"14"
"33079";"3";"14/97/3";"97";"LIDL ITALIA DEP.PORDENONE VIA CORNIA";"LIDL ITALIA DEP.PORDENONE";"VIA CORNIA";"SESTO AL REGHENA";"PN";"LOC.BANDUZZO";"14"
"33083";"8";"14/111/8";"111";"SPESE INTELLINGENTE SPA VIA CECILIA DANIELI N.6";"SPESE INTELLINGENTE SPA";"VIA CECILIA DANIELI N.6";"CHIONS";"PN";"LOC.VILLOTTA";"14"
"33083";"8";"14/112/8";"112";"SPESE INTELLINGENTE SPA VIA CECILIA DANIELI N.6";"SPESE INTELLINGENTE SPA";"VIA CECILIA DANIELI N.6";"CHIONS";"PN";"LOC.VILLOTTA";"14"
"35043";"1";"14/80/1";"80";"ASPIAG SERVICE SRL C/POLO LOGISTICO AGROLOGIC";"ASPIAG SERVICE SRL C/POLO";"LOGISTICO AGROLOGIC";"MONSELICE";"PD";"STRADA ROVIGANA N.58 INT.N.3";"14"
"36040";"1";"14/157/1";"157";"CONSEGNA IN ITALIA A: FRIGORGIANO SRL";"CONSEGNA IN ITALIA A:";"FRIGORGIANO SRL";"ORGIANO (VI)";"";"VIA TEOGHINO 67/71";"14"
"36040";"1";"14/164/1";"164";"FRIGORGIANO SRL";"FRIGORGIANO SRL";"";"ORGIANO";"VI";"VIA TEOGHINO 67";"14"
"37029";"1";"14/155/1";"155";"ANTOLINI TRASPORTI & SPEDIZION";"ANTOLINI TRASPORTI & SPEDIZION";"";"SAN PIETRO IN CARIANO";"VR";"VIA DANTE 3";"14"
"37036";"2";"14/112/2";"112";"SPESA INTELLIGENTE SPA DEP.DI S.MARTINO B.A";"SPESA INTELLIGENTE SPA";"DEP.DI S.MARTINO B.A";"SAN MARTINO B.A.";"VR";"VIA VIOLA 1";"14"
"37040";"7";"14/97/7";"97";"LIDL ITALIA DEP.ARCOLE";"LIDL ITALIA DEP.ARCOLE";"";"ARCOLE";"VR";"VIA AUGUSTO RUFFO 25";"14"
"37050";"1";"14/131/1";"131";"ALDI SRL DIREZIONE REGIONALE OPPEANO";"ALDI SRL DIREZIONE REGIONALE";"OPPEANO";"OPPEANO";"VR";"VIA DOLOMITI 10 CA DEGLI OPPI";"14"
"37050";"3";"14/151/3";"151";"MAXI DI SRL BELFIORE DEPOSITO FRESCHI";"MAXI DI SRL BELFIORE";"DEPOSITO FRESCHI";"BELFIORE";"VR";"VIALE DEL LAVORO 20";"14"
"3705O";"1";"14/142/1";"142";"MERCE DA CONSEGNARE IN ITALIA A: TRANSLUSIA VIA DOLOMITI 3";"MERCE DA CONSEGNARE IN ITALIA";"A: TRANSLUSIA VIA DOLOMITI 3";"USCITA TANGENZIALE 434";"VR";"OPPEANO D VERONA-CA DEGLI OPPI";"14"
"37060";"1";"14/89/1";"89";"STEF NOGAROLE SARL";"STEF NOGAROLE SARL";"";"NOGAROLE ROCCA";"VR";"VIA PIAVE 8";"14"
"37137";"1";"14/149/1";"149";"COOP FACCHINI";"COOP FACCHINI";"";"VERONA";"VR";"VIOA SOMMACAMPAGNA 63";"14"
"37800";"2";"14/65/2";"65";"ITM NOYANT - STOCK WISH ITM LOGISTIQUE ALIMENTAIRE INT";"ITM NOYANT - STOCK WISH";"ITM LOGISTIQUE ALIMENTAIRE INT";"NOYANT-EN-TOURAINE-FRANCE";"";"Lieu-Dit-La Justice-";"14"
"39100";"2";"14/80/2";"80";"DESPAR S2-PADOVA ORARIO SCARICO 06.00/08.00";"DESPAR S2-PADOVA";"ORARIO SCARICO 06.00/08.00";"PADOVA";"PD";"PIAZZA DEI FRUTTI 22/14";"14"
"40057";"7";"14/92/7";"92";"10000BY - GS SPA (BOLOGNA) DIV.SUPERM. E NEG.VICINATO";"10000BY - GS SPA (BOLOGNA)";"DIV.SUPERM. E NEG.VICINATO";"CADRIANO";"BO";"VIA COSTA ANDREA 5/7";"14"
"40100";"15";"14/128/15";"128";"0003389 - SANT'ISAIA DiperDi srl";"0003389 - SANT'ISAIA";"DiperDi srl";"BOLOGNA";"BO";"Via Sant'Isaia n.6";"14"
"40100";"15";"14/52/15";"52";"0003389 - SANT'ISAIA DiperDi srl";"0003389 - SANT'ISAIA";"DiperDi srl";"BOLOGNA";"BO";"Via Sant'Isaia n.6";"14"
"42124";"8";"14/102/8";"102";"GDO NEWS";"GDO NEWS";"";"REGGIO EMILIA";"RE";"VIA EMILIA ALL-ANGELO 3";"14"
"43010";"1";"14/90/1";"90";"Consegnare in Italia a: ATLANTICA TRASPORTI SRL";"Consegnare in Italia a:";"ATLANTICA TRASPORTI SRL";"FONTEVIVO PARMA";"";"VIA PARIGI 1 INTERPORTO PARMA";"14"
"48024";"9";"14/97/9";"97";"LIDL ITALIA DEP.MASSA LOMBARDA";"LIDL ITALIA DEP.MASSA LOMBARDA";"";"MASSA LOMBARDA";"RA";"VIA CADUTI DEL LAVORO 5";"14"
"50012";"1";"14/47/1";"47";"CASH 49 FIRENZE";"CASH 49 FIRENZE";"";"BAGNO A RIPOLI (FI)";"";"VIA MEUCCI 4B";"14"
"50013";"1";"14/5/1";"5";"ESSELUNGA SPA DEPOSITO DI FIRENZE";"ESSELUNGA SPA";"DEPOSITO DI FIRENZE";"CAMPI BISENZIO";"FI";"VIA DELLE CICOGNE 7";"14"
"50013";"2";"14/5/2";"5";"ESSELUNGA SPA";"ESSELUNGA SPA";"";"CAMPI BISENZIO";"FI";"VIA DELLE CIOCOGNE 7";"14"
"50027";"14";"14/128/14";"128";"0003670 - STRADA IN CHIANTI CARTER SRL";"0003670 - STRADA IN CHIANTI";"CARTER SRL";"LOC.STRADA IN CHIANTI";"FI";"VIA MAZZINI 31";"14"
"50027";"14";"14/52/14";"52";"0003670 - STRADA IN CHIANTI CARTER SRL";"0003670 - STRADA IN CHIANTI";"CARTER SRL";"LOC.STRADA IN CHIANTI";"FI";"VIA MAZZINI 31";"14"
"50031";"16";"14/128/16";"128";"0003834 - BARBERINO DI MUGELLO GEDS S.a.S";"0003834 - BARBERINO DI MUGELLO";"GEDS S.a.S";"Barberino di Mugello";"FI";"Via Gramsci 35";"14"
"50031";"16";"14/52/16";"52";"0003834 - BARBERINO DI MUGELLO GEDS S.a.S";"0003834 - BARBERINO DI MUGELLO";"GEDS S.a.S";"Barberino di Mugello";"FI";"Via Gramsci 35";"14"
"50041";"2";"14/127/2";"127";"2083313 - CARREFOUR SSC CALENZ";"2083313 - CARREFOUR SSC CALENZ";"";"CALENZANO";"FI";"VIA DI PRATO 145";"14"
"50041";"2";"14/20/2";"20";"2083313 - CARREFOUR SSC CALENZ";"2083313 - CARREFOUR SSC CALENZ";"";"CALENZANO";"FI";"VIA DI PRATO 145";"14"
"50041";"2";"14/67/2";"67";"2083313 - CARREFOUR CALENZANO REPARTO GASTRONOMIA";"2083313 - CARREFOUR CALENZANO";"REPARTO GASTRONOMIA";"CALENZANO";"FI";"VIA DI PRATO 145";"14"
"50050";"1";"14/104/1";"104";"TENUTA SANT'ILARIO STRADA PROVINCIALE 4";"TENUTA SANT'ILARIO";"STRADA PROVINCIALE 4";"GAMBASSI TERME";"FI";"VOLTERRANA N.127";"14"
"50050";"10";"14/102/10";"102";"DEA PARTY";"DEA PARTY";"";"CERRETO GUIDI";"FI";"VIA GIUSEPPE MAZZIINI 62/68";"14"
"50066";"2";"14/137/2";"137";"CARTER SRL";"CARTER SRL";"";"REGGELLO";"FI";"VIA E.DE NICOLA 13";"14"
"50066";"17";"14/128/17";"128";"0003843 - REGGELLO CARTER SRL";"0003843 - REGGELLO";"CARTER SRL";"REGGELLO";"FI";"VIA E.DE NICOLA 13";"14"
"50066";"17";"14/52/17";"52";"0003843 - REGGELLO CARTER SRL";"0003843 - REGGELLO";"CARTER SRL";"REGGELLO";"FI";"VIA E.DE NICOLA 13";"14"
"50121";"1";"14/128/1";"128";"0004638 - FI-CARDUCCI BELDI' SRL";"0004638 - FI-CARDUCCI";"BELDI' SRL";"FIRENZE";"";"Via Carducci 8-10-12-14-16 ROO";"14"
"50121";"1";"14/52/1";"52";"0003646 - FI-CARDUCCI DiperDi srl TEL.055/2479762";"0003646 - FI-CARDUCCI";"DiperDi srl TEL.055/2479762";"FIRENZE";"";"Via Carducci 8";"14"
"50123";"2";"14/128/2";"128";"0003647 - FI-PRATO DiperDi srl TEL.055/2608749";"0003647 - FI-PRATO";"DiperDi srl TEL.055/2608749";"FIRENZE";"";"Via Il Prato 72R";"14"
"50123";"2";"14/52/2";"52";"0003647 - FI-PRATO DiperDi srl TEL.055/2608749";"0003647 - FI-PRATO";"DiperDi srl TEL.055/2608749";"FIRENZE";"";"Via Il Prato 72R";"14"
"50123";"6";"14/128/6";"128";"0003651 - FI-DE GINORI DiperDi Srl TEL.055/264248";"0003651 - FI-DE GINORI";"DiperDi Srl TEL.055/264248";"FIRENZE";"";"Via de' Ginori 41R";"14"
"50123";"6";"14/52/6";"52";"0003651 - FI-DE GINORI DiperDi Srl TEL.055/264248";"0003651 - FI-DE GINORI";"DiperDi Srl TEL.055/264248";"FIRENZE";"";"Via de' Ginori 41R";"14"
"50124";"5";"14/128/5";"128";"0003650 - FI-TASSO DiperDi Srl  055/2336018";"0003650 - FI-TASSO";"DiperDi Srl  055/2336018";"FIRENZE";"";"Piazza Torquato Tasso 4";"14"
"50124";"5";"14/52/5";"52";"0003650 - FI-TASSO DiperDi Srl  055/2336018";"0003650 - FI-TASSO";"DiperDi Srl  055/2336018";"FIRENZE";"";"Piazza Torquato Tasso 4";"14"
"50125";"4";"14/128/4";"128";"0004636 - FI-ROMANA MAGU' SRL";"0004636 - FI-ROMANA";"MAGU' SRL";"FIRENZE";"";"Via Romana 113R";"14"
"50125";"4";"14/52/4";"52";"0003649 - FI-ROMANA DiperDi Srl TEL.055/2336021";"0003649 - FI-ROMANA";"DiperDi Srl TEL.055/2336021";"FIRENZE";"";"Via Romana 113R";"14"
"50126";"26";"14/128/26";"128";"0002249 - FIRENZE SALUTATI";"0002249 - FIRENZE SALUTATI";"";"FIRENZE";"FI";"VIA SALUTATI 4R";"14"
"50127";"11";"14/102/11";"102";"ASSOC.BANCO ALIM.DELLA TOSCANA C/O CENTRO ALIM.POLIV.MERCAFIR";"ASSOC.BANCO ALIM.DELLA TOSCANA";"C/O CENTRO ALIM.POLIV.MERCAFIR";"FIRENZE";"FI";"PIAZZA ARTOM 12";"14"
"50129";"3";"14/128/3";"128";"0004639 - FI-RUOTE Carter srl";"0004639 - FI-RUOTE";"CARTER SRL";"FIRENZE";"";"Via delle Ruote 42R";"14"
"50129";"3";"14/52/3";"52";"0003648 - FI-RUOTE DiperDi Srl 055/499745";"0003648 - FI-RUOTE";"DiperDi Srl 055/499745";"FIRENZE";"";"Via delle Ruote 42R";"14"
"50131";"8";"14/128/8";"128";"0003669 - FIRENZE MARCONI CARTER SRL 335/5758248";"0003669 - FIRENZE MARCONI";"CARTER SRL 335/5758248";"FIRENZE";"FI";"VIA MARCONI N.50";"14"
"50131";"8";"14/52/8";"52";"0003669 - FIRENZE MARCONI CARTER SRL 335/5758248";"0003669 - FIRENZE MARCONI";"CARTER SRL 335/5758248";"FIRENZE";"FI";"VIA MARCONI N.50";"14"
"50134";"18";"14/128/18";"128";"0003960 - FI CAREGGI FLORENCE RETAIL SRL";"0003960 - FI CAREGGI";"FLORENCE RETAIL SRL";"FIRENZE";"FI";"LARGO BRAMBILLA 3";"14"
"50134";"18";"14/52/18";"52";"0003628 - FI CAREGGI DIPERDI SRL";"0003628 - FI CAREGGI";"DiperDi srl";"FIRENZE";"FI";"LARGO BRAMBILLA 3";"14"
"50136";"25";"14/128/25";"128";"0004090 - FIRENZE SELLA";"0004090 - FIRENZE SELLA";"";"FIRENZE";"FI";"VIA QUINTINO SELLA 51";"14"
"50141";"11";"14/128/11";"128";"0003687 - FI-VIA BARBIERI FLORENCE RETAIL SRL 055/450965";"0003687 - FI-VIA BARBIERI";"FLORENCE RETAIL SRL 055/450965";"FIRENZE";"FI";"VIA VITTORIO BARBIERI 1";"14"
"50141";"11";"14/52/11";"52";"0003687 - FI-VIA BARBIERI FLORENCE RETAIL SRL 055/450965";"0003687 - FI-VIA BARBIERI";"FLORENCE RETAIL SRL 055/450965";"FIRENZE";"FI";"VIA VITTORIO BARBIERI 1";"14"
"50144";"4";"14/87/4";"87";"METRO ITALIA LE CASCINE FILIALE LE CASCINE";"METRO ITALIA LE CASCINE";"FILIALE LE CASCINE";"FIRENZE";"";"VIA MERCADANTE ANG.VIA VIVALDI";"14"
"5060";"1";"14/160/1";"160";"ITAL-GAMMA";"ITAL-GAMMA";"";"AUVELAIS -BELGIQUE";"";"RUE BOIS SAINTE MARIE 182";"14"
"51019";"6";"14/102/6";"102";"NUOVA CASTELLI C/O FLEXILOG SRL";"NUOVA CASTELLI C/O";"FLEXILOG SRL";"PONTE BUGGIANESE";"PT";"VIA PORRIONE 118/122";"14"
"52010";"1";"14/117/1";"117";"INIZIATIVE ALIMENTARI SRL";"INIZIATIVE ALIMENTARI SRL";"";"CASTELNUOVO DI SUBBIANO";"AR";"VIALE ENRICO FERMI 21B";"14"
"52010";"8";"14/154/8";"154";"COOP SUBBIANO COD.3457";"COOP SUBBIANO";"COD.3457";"SUBBIANO";"AR";"VIA MARTIRI DELLA LIBERTA'107";"14"
"52011";"5";"14/154/5";"154";"COOP BIBBIENA COD.3432";"COOP BIBBIENA";"COD.3432";"BIBBIENA";"AR";"LOC.PALAZZETTO 1";"14"
"52011";"13";"14/4/13";"4";"196018 COOP C.ITALIA BIBBIENA NEGOZIO DI BIBBIENA";"196018 COOP C.ITALIA BIBBIENA";"NEGOZIO DI BIBBIENA";"BIBBIENA";"AR";"VIA RIGNANO 10";"14"
"52014";"1";"14/100/1";"100";"";"";"";"POPPI";"AR";"VIA FIORENTINA N.1";"14"
"52014";"1";"14/153/1";"153";"ANIMA DI PANE";"ANIMA DI PANE";"";"PONTE A POPPI";"AR";"VIA FIORENTINA 19";"14"
"52014";"1";"14/51/1";"51";"";"";"";"POPPI";"AR";"VIA ROMA";"14"
"52020";"24";"14/128/24";"128";"0003385 - CASTEL FRANCO";"0003385 - CASTEL FRANCO";"";"CASTEL FRANCO";"AR";"VIA EUROPA 7";"14"
"52026";"7";"14/128/7";"128";"0003667 - PIAN DI SCO' PIAN DI SCO";"0003667 - PIAN DI SCO'";"PIAN DI SCO";"PIAN DI SCO' (AR)";"";"VIA ROMA 74";"14"
"52026";"7";"14/52/7";"52";"0003667 - PIAN DI SCO' ERREGI SRL  055/9631101";"0003667 - PIAN DI SCO'";"ERREGI SRL  055/9631101";"PIAN DI SCO' (AR)";"";"VIA ROMA 74";"14"
"52028";"2";"14/154/2";"154";"COOP TERRANUOVA B.NI COD.3458";"COOP TERRANUOVA B.NI";"COD.3458";"TERRANUOVA BRACCIOLINI";"AR";"VIA CARLO ALBERTO DALLA CHIES3";"14"
"52028";"12";"14/4/12";"4";"196024 COOP C.ITALIA TERRANOVA NEGOZIO DI TERRANUOVA";"196024 COOP C.ITALIA TERRANOVA";"NEGOZIO DI TERRANUOVA";"TERRANUOVA BRACCIOLINI";"AR";"VIA C.ALBERTO DALLA CHIESA";"14"
"52037";"2";"14/117/2";"117";"INIZIATIVE ALIMENTARI SRL";"INIZIATIVE ALIMENTARI SRL";"";"SAN SEPOLCRO";"AR";"VIA DELLA COSTITUZIONE 10";"14"
"52037";"2";"14/151/2";"151";"MAXI DI SRL SAN SEPOLCRO DEPOSITO FRESCHI";"MAXI DI SRL SAN SEPOLCRO";"DEPOSITO FRESCHI";"SAN SEPOLCRO";"AR";"VIA MALPASSO 0";"14"
"52042";"19";"14/4/19";"4";"136080 COOP C.ITALIA CORTONA NEGOZIO DI CORTONA";"136080 COOP C.ITALIA CORTONA";"NEGOZIO DI CORTONA";"CORTONA";"AR";"PIAZZA S.PERTINI CAMUCIA";"14"
"52043";"1";"14/68/1";"68";"PRESSO: ANGORI MARIO";"PRESSO: ANGORI MARIO";"";"CASTIGLION FIORENTINO";"AR";"VIA ISONZO N.34 TERZO PIANO";"14"
"52043";"7";"14/154/7";"154";"COOP CASTIGLION FIORENTINO COD.3448";"COOP CASTIGLION FIORENTINO";"COD.3448";"CASTIGLION FIORENTINO";"AR";"VIA C.SERRISTORI 48";"14"
"52043";"17";"14/4/17";"4";"136074 COOP C.ITALIA CAST.F.N NEGOZIO DI CASTIGLION F.NO";"136074 COOP C.ITALIA CAST.F.N";"NEGOZIO DI CASTIGLION F.NO";"CASTIGLION F.NO";"AR";"VIA C.SERRISTORI 48";"14"
"52043";"20";"14/4/20";"4";"196028 COOP C.ITALIA FOIANO NEGOZIO DI FOIANO";"196028 COOP C.ITALIA FOIANO";"NEGOZIO DI FOIANO";"FOIANO DELLA CHIANA";"AR";"VIA DELLA REPUBBLICA 10";"14"
"52044";"11";"14/154/11";"154";"COOP CORTONA CAMUCIA COD.3437";"COOP CORTONA CAMUCIA";"COD.3437";"CORTONA";"AR";"PIAZZA S.PERTINI 1";"14"
"52047";"2";"14/91/2";"91";"PENNY MARKET SRL MARCIANO DEPOSITO DI MARCIANO";"PENNY MARKET SRL MARCIANO";"DEPOSITO DI MARCIANO";"MARCIANO DELLA CHIANA";"AR";"VIA CASSIA LOC.CESA";"14"
"52048";"3";"14/154/3";"154";"COOP MONTE SAN SAVINO COD.3440";"COOP MONTE SAN SAVINO";"COD.3440";"MONTE SAN SAVINO";"AR";"VIA XX APRILE N.8";"14"
"52048";"18";"14/4/18";"4";"136082 COOP C.ITALIA M.S.SAV NEGOZIO DI MONTE SAN SAVINO";"136082 COOP C.ITALIA M.S.SAV";"NEGOZIO DI MONTE SAN SAVINO";"MONTE SAN SAVINO";"AR";"VIA XXV APRILE 30";"14"
"52100";"1";"14/23/1";"23";"AREZZO FIERE CONGRESSI SIG.LODOVICHI 3388906510";"AREZZO FIERE CONGRESSI";"SIG.LODOVICHI 3388906510";"AREZZO";"AR";"VIA SPALLANZANI";"14"
"53014";"27";"14/4/27";"4";"136078 COOP C.ITALIA MONTERONI NEGOZIO DI MONTERONI ""I TIGLI""";"136078 COOP C.ITALIA MONTERONI";"NEGOZIO DI MONTERONI ""I TIGLI""";"MONTERONI D'ARBIA";"SI";"V.CIRCONVALLAZIONE KENNEDY 769";"14"
"53018";"29";"14/4/29";"4";"136079 COOP C.ITALIA S.ROCCO NEGOZIO SAN ROCCO A PILLI";"136079 COOP C.ITALIA S.ROCCO";"NEGOZIO SAN ROCCO A PILLI";"SAN ROCCO A PILLI";"SI";"VIA GROSSETANA ANG.UCCIANO";"14"
"53022";"6";"14/154/6";"154";"COOP BUONCONVENTO COD.3433";"COOP BUONCONVENTO";"COD.3433";"BUONCONVENTO";"SI";"VIA BIBBIANO N.1";"14"
"53022";"25";"14/4/25";"4";"196010 COOP C.ITALIA BUONCONVE NEGOZIO DI BUONCONVENTO";"196010 COOP C.ITALIA BUONCONVE";"NEGOZIO DI BUONCONVENTO";"BUONCONVENTO";"SI";"VIA DI BIBBIANO 10";"14"
"53037";"4";"14/154/4";"154";"COOP SAN GIMIGNANO COD.3443";"COOP SAN GIMIGNANO";"COD.3443";"SAN GIMIGNANO";"SI";"VIA BACCANELLA";"14"
"53037";"28";"14/4/28";"4";"136086 COOP C.ITALIA S.GIMIGNA NEGOZIO DI S.GIMIGNANO";"136086 COOP C.ITALIA S.GIMIGNA";"NEGOZIO DI S.GIMIGNANO";"SAN GIMIGNANO";"SI";"VIA BACCANELLA";"14"
"53041";"24";"14/4/24";"4";"136069 COOP C.ITALIA ASCIANO NEGOZIO DI ASCIANO";"136069 COOP C.ITALIA ASCIANO";"NEGOZIO DI ASCIANO";"ACIANO";"SI";"VIA CAPOGROTTOLI N.1";"14"
"53042";"1";"14/154/1";"154";"COOP CHIANCIANO COD.3435";"COOP CHIANCIANO";"COD.3435";"CHIANIANO TERME";"SI";"VIA DELLA PACE N.47";"14"
"53042";"11";"14/4/11";"4";"196167 COOP C.ITALIA CHIANCIAN NEGOZIO DI CHIANCIANO";"196167 COOP C.ITALIA CHIANCIAN";"NEGOZIO DI CHIANCIANO";"CHIANCIANO TERM";"SI";"VIA DELLA PACE";"14"
"53043";"26";"14/4/26";"4";"136084 COOP C.ITALIA CHIUSI NEGOZIO DI CHIUSI";"136084 COOP C.ITALIA CHIUSI";"NEGOZIO DI CHIUSI";"CHIUSI";"SI";"VIA IX APRILE 1948,22";"14"
"53048";"13";"14/154/13";"154";"COOP SINALUNGA COD.3445";"COOP SINALUNGA";"COD.3445";"SINALUNGA";"SI";"VIA P.P.PASOLINI 1/R";"14"
"53048";"22";"14/4/22";"4";"136083 COOP C.ITALIA SINALUNG NEGOZIO DI SINALUNGA";"136083 COOP C.ITALIA SINALUNG";"NEGOZIO DI SINALUNGA";"SINALUNGA";"SI";"VIA P.P.PASOLINI 1/R";"14"
"53049";"9";"14/154/9";"154";"COOP TORRITA COD.3447";"COOP TORRITA";"COD.3447";"TORRITA DI SIENA";"SI";"VIA DEL POGGIOLO N.8";"14"
"53049";"30";"14/4/30";"4";"196025 COOP C.ITALIA TORRITA NEGOZIO DI TORRITA LE FORNACI";"196025 COOP C.ITALIA TORRITA";"NEGOZIO DI TORRITA LE FORNACI";"TORRITA DI SIENA";"SI";"VIA DEL POGGIOLO 7";"14"
"53100";"10";"14/4/10";"4";"196163 COOP C.ITALIA ROSIA NEGOZIO DI ROSIA";"196163 COOP C.ITALIA ROSIA";"NEGOZIO DI ROSIA";"ROSIA";"SI";"VIA MARY FIGLIOLI 2";"14"
"53100";"12";"14/154/12";"154";"COOP SIENA SAN MINIATO COD.3454";"COOP SIENA SAN MINIATO";"COD.3454";"SIENA SAN MINIATO";"SI";"PIAZZA TOGLIATTI 17";"14"
"53100";"14";"14/4/14";"4";"196175 COOP C.ITALIA S.MINIATO NEGOZIO DI SAN MINIATO";"196175 COOP C.ITALIA S.MINIATO";"NEGOZIO DI SAN MINIATO";"SIENA";"SI";"PIAZZA TOGLIATTI";"14"
"53100";"21";"14/4/21";"4";"196021 COOP C.ITALIA TAVERNE NEGOZIO DI TAVERNE D'ARBIA";"196021 COOP C.ITALIA TAVERNE";"NEGOZIO DI TAVERNE D'ARBIA";"TAVERNE D'ARBIA";"SI";"STRADA DELLE ROSOLE 51";"14"
"53126";"5";"14/102/5";"102";"FIERE DI PARMA CIBUS";"FIERE DI PARMA";"CIBUS";"PARMA";"PR";"VIA DELLE ESPOSIZIONI 393";"14"
"54011";"12";"14/128/12";"128";"0001513 - AULLA-MS I RUSSI SRL";"0001513 - AULLA-MS";"I RUSSI SRL";"AULLA-MS";"";"VIA DELLA RESISTENZA 20";"14"
"54011";"12";"14/52/12";"52";"0001513 - AULLA-MS I RUSSI SRL";"0001513 - AULLA-MS";"I RUSSI SRL";"AULLA-MS";"";"VIA DELLA RESISTENZA 20";"14"
"54022";"19";"14/128/19";"128";"0003811 - CARRARA  VIA TONIOLO ALIPA SAS";"0003811 - CARRARA  VIA TONIOLO";"ALIPA SAS";"CARRARA";"MS";"VIA GIUSEPPE TONIOLO 12";"14"
"54022";"19";"14/52/19";"52";"0003811 - CARRARA  VIA TONIOLO ALIPA SAS";"0003811 - CARRARA  VIA TONIOLO";"ALIPA SAS";"CARRARA";"MS";"VIA GIUSEPPE TONIOLO 12";"14"
"54036";"20";"14/128/20";"128";"0003516 - CARRARA VIA CAVALLOT ALICAR SNC";"0003516 - CARRARA VIA CAVALLOT";"ALICAR SNC";"MARINA DI MASSA";"";"VIA CAVALLOTTI 52";"14"
"54036";"20";"14/52/20";"52";"0003516 - CARRARA VIA CAVALLOT ALICAR SNC";"0003516 - CARRARA VIA CAVALLOT";"ALICAR SNC";"MARINA DI MASSA";"";"VIA CAVALLOTTI 52";"14"
"54036";"21";"14/128/21";"128";"0003515 - CARRARA VIA FIORILLO ALI.PA SAS";"0003515 - CARRARA VIA FIORILLO";"ALI.PA SAS";"MARINA DI MASSA";"";"VIA CAPITAN FIORILLO 10";"14"
"54036";"21";"14/52/21";"52";"0003515 - CARRARA VIA FIORILLO ALI.PA SAS";"0003515 - CARRARA VIA FIORILLO";"ALI.PA SAS";"MARINA DI MASSA";"";"VIA CAPITAN FIORILLO 10";"14"
"54100";"3";"14/127/3";"127";"2000003 - CARREFOUR SSC MASSA";"2000003 - CARREFOUR SSC MASSA";"";"MASSA";"MS";"VIA MASSA AVENZA NR. 32";"14"
"54100";"3";"14/20/3";"20";"2000003 - CARREFOUR SSC MASSA";"2000003 - CARREFOUR SSC MASSA";"";"MASSA";"MS";"VIA MASSA AVENZA NR. 32";"14"
"54100";"3";"14/67/3";"67";"2000003 - CARREFOUR MASSA REPARTO GASTRONOMIA";"2000003 - CARREFOUR MASSA";"REPARTO GASTRONOMIA";"MASSA CARRARA";"";"VIA MASSA AVENZA 32";"14"
"55011";"1";"14/91/1";"91";"PENNY MARKET SRL ALTOPASCIO DEPOSITO DI ALTOPASCIO";"PENNY MARKET SRL ALTOPASCIO";"DEPOSITO DI ALTOPASCIO";"ALTOPASCIO";"LU";"VIA DEL PALAZZACCIO 57";"14"
"55100";"3";"14/87/3";"87";"METRO ITALIA LUCCA FILIALE DI LUCCA";"METRO ITALIA LUCCA";"FILIALE DI LUCCA";"LUCCA";"";"VIA DEL BRENNERO 1040/F";"14"
"55100";"4";"14/127/4";"127";"2083310 - CARREFOUR SSC LUCCA";"2083310 - CARREFOUR SSC LUCCA";"";"LUCCA";"LU";"VIA SS.ANNUNZIATA 278";"14"
"55100";"4";"14/20/4";"20";"2083310 - CARREFOUR SSC LUCCA";"2083310 - CARREFOUR SSC LUCCA";"";"LUCCA";"LU";"VIA SS.ANNUNZIATA 278";"14"
"55100";"4";"14/67/4";"67";"2083310 - CARREFOUR LUCCA REPARTO GASTRONOMIA";"2083310 - CARREFOUR LUCCA";"REPARTO GASTRONOMIA";"LUCCA";"";"VIA SS ANNUNZIATA 278";"14"
"56010";"1";"14/127/1";"127";"2008298 - CARREFOUR SSC PISA VIA FABBRICONE PONTERCORVO 3";"2008298 - CARREFOUR SSC PISA";"VIA FABBRICONE PONTERCORVO 3";"PISA";"PI";"SAN GIULIANO TERME";"14"
"56010";"1";"14/20/1";"20";"2008298 - CARREFOUR SSC PISA VIA FABBRICONE PONTERCORVO 3";"2008298 - CARREFOUR SSC PISA";"VIA FABBRICONE PONTERCORVO 3";"PISA";"PI";"SAN GIULIANO TERME";"14"
"56010";"1";"14/67/1";"67";"2008298 - CARREFOUR PISA REPARTO GASTRONOMIA";"2008298 - CARREFOUR PISA";"REPARTO GASTRONOMIA";"S.GIULIANO TERME";"PI";"VIA FABBRICONE PONTECORVO 3";"14"
"56014";"2";"14/87/2";"87";"METRO ITALIA PISA FILIALE DI PISA";"METRO ITALIA PISA";"FILIALE DI PISA";"PISA";"";"VIA SCORNIGIANA 30";"14"
"56017";"13";"14/128/13";"128";"0003329 - ASCIANO-PI SUPERMERCATO ASCIANESE SRL";"0003329 - ASCIANO-PI";"SUPERMERCATO ASCIANESE SRL";"S.GIULIANO TERME ASCIANO";"PI";"PIAZZA DELLE LAVANDAIE";"14"
"56017";"13";"14/52/13";"52";"0003329 - ASCIANO-PI SUPERMERCATO ASCIANESE SRL";"0003329 - ASCIANO-PI";"SUPERMERCATO ASCIANESE SRL";"S.GIULIANO TERME ASCIANO";"PI";"PIAZZA DELLE LAVANDAIE";"14"
"56019";"12";"14/102/12";"102";"CREMA LOMBARDI SRL";"CREMA LOMBARDI SRL";"";"VECCHIANO";"PI";"VIA DEL BECACCINO 4 NODICA";"14"
"56020";"1";"14/109/1";"109";"CONAD NORD OVEST SOC.COOP DEPOSITO DI MONTOPOLI";"CONAD NORD OVEST SOC.COOP";"DEPOSITO DI MONTOPOLI";"MONTOPOLI VALDARNO";"PI";"STRADA PROVINCIALE ROMANINA";"14"
"56020";"1";"14/15/1";"15";"CONAD DEL TIRRENO";"CONAD DEL TIRRENO";"";"MONTOPOLI VALDARNO";"PI";"STRADA PROVINCIALE ROMANINA";"14"
"56025";"1";"14/1/1";"1";"UNICOOP FIRENZE";"UNICOOP FIRENZE";"";"PONTEDERA";"PI";"VIA ALESSANDRINI 9";"14"
"56025";"1";"14/97/1";"97";"LIDL ITALIA DEP.PONTEDERA";"LIDL ITALIA DEP.PONTEDERA";"";"PONTEDERA";"PI";"VIA ALBERTO CARPI  29";"14"
"56029";"22";"14/128/22";"128";"0003970 - SANTA CROCE S/ARNO OTTIMA SCELTA SRL";"0003970 - SANTA CROCE S/ARNO";"OTTIMA SCELTA SRL";"SANTA CROCE SULL'ARNO";"PI";"VIA DELLA REPUBBLICA 8";"14"
"56029";"22";"14/52/22";"52";"0003970 - SANTA CROCE S/ARNO OTTIMA SCELTA SRL";"0003970 - SANTA CROCE S/ARNO";"OTTIMA SCELTA SRL";"SANTA CROCE SULL'ARNO";"PI";"VIA DELLA REPUBBLICA 8";"14"
"56035";"1";"14/162/1";"162";"CIBOSANO ITALIA SRL";"CIBOSANO ITALIA SRL";"";"PERIGNANO";"PI";"VIA MELORIE 56";"14"
"56121";"9";"14/128/9";"128";"0003696 - PISA CALATAFIMI WOK SRL  050/983389";"0003696 - PISA CALATAFIMI";"WOK SRL  050/983389";"PISA";"PI";"VIA CALATAFIMI 7";"14"
"56121";"9";"14/52/9";"52";"0003696 - PISA CALATAFIMI RODI SRL  050/983389";"0003696 - PISA CALATAFIMI";"RODI SRL  050/983389";"PISA";"PI";"VIA CALATAFIMI 7";"14"
"56121";"23";"14/128/23";"128";"0004358 - PISA GIOVANNI XXIII";"0004358 - PISA GIOVANNI XXIII";"";"PISA";"PI";"PIAZZA PAPA  GIOVANNI XXIII";"14"
"60020";"3";"14/22/3";"22";"DEPOSITO DI OFFAGNA";"DEPOSITO DI OFFAGNA";"";"OFFAGNA";"AN";"VIA ASPIO N.5/B";"14"
"63033";"4";"14/111/4";"111";"EUROSPIN LAZIO SPA DEPOSITO C/O CENTRO";"EUROSPIN LAZIO SPA";"DEPOSITO C/O CENTRO";"MONTEPRANDONE";"AP";"LOG.MARCONI";"14"
"63033";"4";"14/113/4";"113";"EUROSPIN LAZIO SPA DEPOSITO C/O CENTRO";"EUROSPIN LAZIO SPA";"DEPOSITO C/O CENTRO";"MONTEPRANDONE";"AP";"LOG.MARCONI";"14"
"70018";"1";"14/143/1";"143";"STRADA PROV.RUTIGLIANO-ADELFIA CONTRADA PARCO VIA NUOVA";"STRADA PROV.RUTIGLIANO-ADELFIA";"CONTRADA PARCO VIA NUOVA";"RUTIGLIANO-BARI";"";"";"14"
"70023";"3";"14/91/3";"91";"PENNY MARKET SRL G.D.COLLE VIA P.LE PUTIGNANO";"PENNY MARKET SRL G.D.COLLE";"VIA P.LE PUTIGNANO";"GIOIA DEL COLLE";"BA";"ANGOLO VICINALE  SCORCIABOVE";"14"
"70023";"8";"14/10/8";"10";"PENNY MARKET SRL GIOIA COLLE VIA PROV.LE PUTIGNANO";"PENNY MARKET SRL GIOIA COLLE";"VIA PROV.LE PUTIGNANO";"GIOIA DEL COLLE (BA)";"";"ANG.VIC.LE SCORCIABOVE";"14"
"70033";"1";"14/126/1";"126";"MAIORA SRL CEDI CORATO";"MAIORA SRL";"CEDI CORATO";"CORATO";"BA";"VIA SAN MAGNO 31";"14"
"70056";"4";"14/97/4";"97";"LIDL ITALIA DEP.BARI";"LIDL ITALIA DEP.BARI";"";"MOLFETTA";"BA";"VIA DELL'ARTE BIANCA";"14"
"72027";"2";"14/111/2";"111";"EUROSPIN PUGLIA SPA STRADA PROV.PER TORCHIAROLO";"EUROSPIN PUGLIA SPA";"STRADA PROV.PER TORCHIAROLO";"S.PIETRO VERNOTICO";"BR";"Z.IND.PIP";"14"
"72027";"2";"14/114/2";"114";"EUROSPIN PUGLIA SPA STRADA PROV.PER TORCHIAROLO";"EUROSPIN PUGLIA SPA";"STRADA PROV.PER TORCHIAROLO";"S.PIETRO VERNOTICO";"BR";"Z.IND.PIP";"14"
"74076";"1";"14/165/1";"165";"LIDL STIFTUNG & CO Kg z.Hd Frau Alisa Tomasi";"LIDL STIFTUNG & CO Kg";"z.Hd Frau Alisa Tomasi";"HEILBRONN-DEUTSCHLAND";"DE";"Austr.166";"14"
"81032";"5";"14/111/5";"111";"EUROSPIN LAZIO SPA DEP.CARINARO";"EUROSPIN LAZIO SPA";"DEP.CARINARO";"CARINARO";"CE";"STR.CONSOR.ASI VEGA 14";"14"
"81032";"5";"14/113/5";"113";"EUROSPIN LAZIO SPA DEP.CARINARO";"EUROSPIN LAZIO SPA";"DEP.CARINARO";"CARINARO";"CE";"STR.CONSOR.ASI VEGA 14";"14"
"81055";"1";"14/83/1";"83";"SEDE OPERATIVA: VIA VITTORIO EMANUELE 159";"SEDE OPERATIVA:";"VIA VITTORIO EMANUELE 159";"";"";"SANTA MARIA CAPUA VETERE (CE)";"14"
"82011";"4";"14/71/4";"71";"10000AO - GS SPA (AIROLA) DIV.SUP.TI E NEG.VICINATO";"10000AO - GS SPA (AIROLA)";"DIV.SUP.TI E NEG.VICINATO";"AIROLA";"BN";"VIA CARRACCIANO N.6";"14"
"82011";"4";"14/92/4";"92";"10000AO - GS SPA (AIROLA) DIV.SUPER. E NEGOZI VICINATO";"10000AO - GS SPA (AIROLA)";"DIV.SUPER. E NEGOZI VICINATO";"AIROLA";"BN";"VIA CARRACCIANO 6";"14"
"87018";"2";"14/126/2";"126";"MAIORA SRL CEDI SAN MARCO ARGENTANO -CS-";"MAIORA SRL";"CEDI SAN MARCO ARGENTANO -CS-";"SAN MARCO ARGENTANO";"CS";"ZONA IND.DEL FULLONE";"14"
"91320";"1";"14/65/1";"65";"Destination Goods-Marchandises CFROID/STOCK WISH";"Destination Goods-Marchandises";"CFROID/STOCK WISH";"WISSOUS-FRANCE";"";"7-9 AVENUE JEANNE GARNERIN";"14"
"95045";"2";"14/97/2";"97";"LIDL ITALIA DEP.CATANIA";"LIDL ITALIA DEP.CATANIA";"";"MISTERBIANCO";"CT";"VIA TERRANO C.da CUBBA";"14"
"95045";"5";"14/11/5";"11";"AUCHAN SPA CATANIA MISTERBIANC IPERMERCATO DI MISTERBIANCO";"AUCHAN SPA CATANIA MISTERBIANC";"IPERMERCATO DI MISTERBIANCO";"MISTERBIANCO";"CT";"VIA ZINIRO S.N.";"14"
"95121";"4";"14/11/4";"11";"AUCHAN SPA PORTE DI CATANIA c/o CENTRO COMMERCIALE ICOM";"AUCHAN SPA PORTE DI CATANIA";"c/o CENTRO COMMERCIALE ICOM";"CATANIA";"CT";"STRADA GELSO BIANCO SN";"14"
"95121";"6";"14/111/6";"111";"EUROSPIN SICILIA SPA DEP.EUROSPIN SICILIA CATANIA";"EUROSPIN SICILIA SPA";"DEP.EUROSPIN SICILIA CATANIA";"CATANIA";"CT";"S.S.114 STRAD.PRIMOSOLE KM 107";"14"
"95121";"6";"14/115/6";"115";"EUROSPIN SICILIA SPA DEP.EUROSPIN SICILIA CATANIA";"EUROSPIN SICILIA SPA";"DEP.EUROSPIN SICILIA CATANIA";"CATANIA";"CT";"S.S.114 STRAD.PRIMOSOLE KM 107";"14"
"95121";"7";"14/11/7";"11";"AUCHAN SPA CATANIA LA RENA IPERMERCATO DI CATANIA LA RENA";"AUCHAN SPA CATANIA LA RENA";"IPERMERCATO DI CATANIA LA RENA";"CATANIA";"CT";"VIA S.GIUSEPPE LA RENA NR 67";"14"
"95121";"7";"14/91/7";"91";"PENNY MARKET SRL CATANIA CONTRATA PANTANO D ARCI";"PENNY MARKET SRL CATANIA";"CONTRATA PANTANO D ARCI";"CATANIA";"CT";"STRADA PROVINCIALE 69";"14"
"96010";"6";"14/11/6";"11";"AUCHAN SPA SIRACUSA IPERMER.TO DI MELILLI SIRACUSA";"AUCHAN SPA SIRACUSA";"IPERMER.TO DI MELILLI SIRACUSA";"C.DA SPALLA MELILLI";"";"V.E.GARRONE LOC.CITTA'GIARDINO";"14"
