"codice";"descrizione";"tipo"
"1";"ABRUZZO";"Z"
"1";"CARTONI";"A"
"1";"FRANCO DESTINO";"P"
"1";"MITTENTE";"T"
"1";"VENDITA";"C"
"10";"CONTO LAVORAZIONE";"C"
"10";"FRANCO ITALSEMPIONE";"P"
"10";"MARCHE";"Z"
"11";"FRANCO SDR PRATO";"P"
"11";"MOLISE";"Z"
"12";"CONTO VISIONE";"C"
"12";"FRANCO STEF MILANO";"P"
"12";"PIEMONTE";"Z"
"13";"FRANCO PARMA";"P"
"13";"PUGLIA";"Z"
"13";"SOSTITUZIONE";"C"
"14";"DIFFERENZA PREZZO";"C"
"14";"FRANCO MILANO";"P"
"14";"SARDEGNA";"Z"
"15";"DIFFERENZA QUANTITA'";"C"
"15";"FRANCO RUNGIS (FR)";"P"
"15";"SICILIA";"Z"
"16";"ERRATO ART.FATTURATO";"C"
"16";"FRANCO VICENZA";"P"
"16";"TOSCANA";"Z"
"17";"ERRATA FATTURAZIONE";"C"
"17";"FRANCO SAN SEVERINO";"P"
"17";"TRENTINO ALTO ADIGE";"Z"
"18";"FRANCO FRESH WAYS SR";"P"
"18";"MERCE RESPINTA";"C"
"18";"UMBRIA";"Z"
"19";"FRANCO BERGAMO";"P"
"19";"RISARCIBILITA'";"C"
"19";"VALLE D'AOSTA";"Z"
"2";"A VISTA";"A"
"2";"ASSEGNATO";"P"
"2";"BASILICATA";"Z"
"2";"DESTINARIO";"T"
"2";"OMAGGIO";"C"
"20";"FRANCO MT TRASPORTI";"P"
"20";"VENETO";"Z"
"21";"FRANCIA";"Z"
"21";"FRANCO GALLARATE";"P"
"21";"MERCE X DEGUSTAZIONE";"C"
"22";"FRANCO FIUMICINO";"P"
"22";"IRLANDA";"Z"
"22";"MERCE MANC.ALLO SCAR";"C"
"23";"MANCATO SCONTO";"C"
"24";"FRANCO FRESH WAYS";"P"
"24";"GERMANIA";"Z"
"24";"PREMI";"C"
"25";"BELGIO";"Z"
"25";"FRANCO STEF PRATO";"P"
"25";"RITARDO CONSEGNA";"C"
"26";"FRANCO BJ TEAM";"P"
"26";"USA";"Z"
"26";"VENDITA E OMAGGI";"C"
"27";"CONTRIBUTION";"A"
"27";"CONTRIBUTION";"C"
"27";"FRANCO NAPOLITRANS";"P"
"27";"HONK KONG";"Z"
"28";"FRANCO VERONA";"P"
"28";"MERCE DISTRUTTA";"C"
"28";"SVIZZERA";"Z"
"29";"DANIMARCA";"Z"
"29";"MERCE SMARRITA";"C"
"3";"CALABRIA";"Z"
"3";"COMLIMENTARY PRODUCT";"C"
"3";"FRANCO BOLOGNA";"P"
"3";"VETTORE";"T"
"30";"FREE SAMPLE";"C"
"30";"NORVEGIA";"Z"
"31";"ERRATA CONTESTAZIONE";"C"
"31";"FRANCO PESCHIERA B.";"P"
"31";"LUSSEMBURGO";"Z"
"32";"ISRAELE";"Z"
"32";"MERCE DANNEGGIATA";"C"
"33";"CONTESTAZIONE";"C"
"33";"OLANDA";"Z"
"34";"MAURITIUS";"Z"
"34";"MERCE MANC.MAN.SCONT";"C"
"35";"COMODATO";"C"
"35";"MAROCCO";"Z"
"36";"PARTECIPAZIONE FIERE";"C"
"36";"SPAGNA";"Z"
"37";"MISSED INCREASE";"C"
"4";"CAMPANIA";"Z"
"4";"FRANCO EUROFOOD (MI)";"P"
"4";"TRASFERIMENTO MERCE";"C"
"5";"EMILIA ROMAGNA";"Z"
"5";"FRANCO ITALSEMPIONE";"P"
"5";"TRASFERIMENTO MERCE";"C"
"6";"FRANCO FABBRICA";"P"
"6";"FRIULI VENEZIA GIUL";"Z"
"6";"GRATUITS";"C"
"7";"EX WORKS";"P"
"7";"LAZIO";"Z"
"7";"RESO";"C"
"8";"C/DEPOSITO";"C"
"8";"FRANCO SCHENKER";"P"
"8";"LIGURIA";"Z"
"9";"FRANCO LODI";"T"
"9";"FRANCO STEF NOGAROLE";"P"
"9";"LOMBARDIA";"Z"
"9";"RIPARAZIONE";"C"
